Period,Favorite ,Underdog,Fav Odds,Fav Implied Odds,Dog Odds,Dog Implied Odds,Fav Win?,Dog Win?,Sum of Implied Odds,Fav Pop Ranking,Dog Pop Ranking
1,ATL,CHI,-122,0.5495495495,102,0.495049505,1,0,1.044599055,1,0.375
1,ATL,DAL,-250,0.7142857143,202,0.3311258278,1,0,1.045411542,1,0.6875
1,ATL,IND,-135,0.5744680851,114,0.4672897196,0,1,1.041757805,1,0
1,ATL,LAS,-185,0.649122807,156,0.390625,1,0,1.039747807,1,0.625
1,ATL,LAS,-208,0.6753246753,172,0.3676470588,1,0,1.042971734,1,0.625
1,ATL,MIN,-185,0.649122807,152,0.3968253968,0,1,1.045948204,1,0.53125
1,ATL,PHX,-135,0.5744680851,114,0.4672897196,0,1,1.041757805,1,0.46875
1,ATL,WAS,-286,0.7409326425,231,0.3021148036,0,1,1.043047446,1,0.78125
1,ATL,WAS,-152,0.6031746032,127,0.4405286344,1,0,1.043703238,1,0.78125
1,CHI,ATL,-116,0.537037037,-101,0.5024875622,1,0,1.039524599,0.375,1
1,CHI,ATL,-303,0.7518610422,242,0.2923976608,1,0,1.044258703,0.375,1
1,CHI,DAL,-204,0.6710526316,169,0.3717472119,1,0,1.042799843,0.375,0.6875
1,CHI,IND,-118,0.5412844037,100,0.5,0,1,1.041284404,0.375,0
1,CHI,IND,-130,0.5652173913,110,0.4761904762,1,0,1.041407867,0.375,0
1,CHI,LAS,-185,0.649122807,154,0.3937007874,1,0,1.042823594,0.375,0.625
1,CHI,WAS,-145,0.5918367347,121,0.4524886878,0,1,1.044325422,0.375,0.78125
1,CHI,WAS,-159,0.6138996139,134,0.4273504274,1,0,1.041250041,0.375,0.78125
1,CON,ATL,-500,0.8333333333,383,0.2070393375,0,1,1.040372671,0.6875,1
1,CON,ATL,-137,0.5780590717,116,0.462962963,1,0,1.041022035,0.6875,1
1,CON,ATL,-1111,0.9174236168,694,0.1259445844,1,0,1.043368201,0.6875,1
1,CON,CHI,-222,0.6894409938,181,0.3558718861,1,0,1.04531288,0.6875,0.375
1,CON,CHI,-333,0.7690531178,268,0.2717391304,1,0,1.040792248,0.6875,0.375
1,CON,DAL,-303,0.7518610422,240,0.2941176471,1,0,1.045978689,0.6875,0.6875
1,CON,DAL,-385,0.793814433,297,0.2518891688,1,0,1.045703602,0.6875,0.6875
1,CON,IND,-233,0.6996996997,187,0.3484320557,1,0,1.048131755,0.6875,0
1,CON,IND,-294,0.7461928934,239,0.2949852507,1,0,1.041178144,0.6875,0
1,CON,IND,-625,0.8620689655,455,0.1801801802,1,0,1.042249146,0.6875,0
1,CON,LAS,-1000,0.9090909091,677,0.1287001287,1,0,1.037791038,0.6875,0.625
1,CON,MIN,-256,0.7191011236,209,0.3236245955,1,0,1.042725719,0.6875,0.53125
1,CON,NYL,-137,0.5780590717,116,0.462962963,0,1,1.041022035,0.6875,0.1875
1,CON,PHX,-200,0.6666666667,168,0.3731343284,1,0,1.039800995,0.6875,0.46875
1,CON,PHX,-345,0.7752808989,271,0.269541779,1,0,1.044822678,0.6875,0.46875
1,CON,PHX,-345,0.7752808989,277,0.2652519894,1,0,1.040532888,0.6875,0.46875
1,CON,WAS,-417,0.8065764023,321,0.2375296912,1,0,1.044106094,0.6875,0.78125
1,CON,WAS,-625,0.8620689655,459,0.1788908766,1,0,1.040959842,0.6875,0.78125
1,CON,WAS,-1111,0.9174236168,714,0.1228501229,1,0,1.04027374,0.6875,0.78125
1,DAL,ATL,-189,0.6539792388,156,0.390625,1,0,1.044604239,0.6875,1
1,DAL,CHI,-213,0.6805111821,175,0.3636363636,0,1,1.044147546,0.6875,0.375
1,DAL,CHI,-357,0.7811816193,287,0.2583979328,1,0,1.039579552,0.6875,0.375
1,DAL,LAS,-167,0.6254681648,139,0.4184100418,0,1,1.043878207,0.6875,0.625
1,DAL,LAS,-172,0.6323529412,143,0.4115226337,0,1,1.043875575,0.6875,0.625
1,DAL,WAS,-149,0.5983935743,127,0.4405286344,0,1,1.038922209,0.6875,0.78125
1,IND,ATL,-149,0.5983935743,129,0.4366812227,1,0,1.035074797,0,1
1,IND,CHI,-137,0.5780590717,116,0.462962963,1,0,1.041022035,0,0.375
1,IND,DAL,-189,0.6539792388,160,0.3846153846,0,1,1.038594623,0,0.6875
1,IND,LAS,-227,0.6941896024,185,0.350877193,0,1,1.045066795,0,0.625
1,IND,LAS,-123,0.5515695067,104,0.4901960784,1,0,1.041765585,0,0.625
1,IND,PHX,-127,0.5594713656,106,0.4854368932,1,0,1.044908259,0,0.46875
1,IND,WAS,-303,0.7518610422,242,0.2923976608,0,1,1.044258703,0,0.78125
1,IND,WAS,-172,0.6323529412,143,0.4115226337,1,0,1.043875575,0,0.78125
1,IND,WAS,-208,0.6753246753,172,0.3676470588,1,0,1.042971734,0,0.78125
1,LAS,DAL,-128,0.5614035088,108,0.4807692308,0,1,1.04217274,0.625,0.6875
1,LAS,WAS,-135,0.5744680851,114,0.4672897196,1,0,1.041757805,0.625,0.78125
1,LVA,ATL,-385,0.793814433,304,0.2475247525,0,1,1.041339185,0.15625,1
1,LVA,ATL,-1429,0.9345977763,846,0.1057082452,1,0,1.040306022,0.15625,1
1,LVA,CHI,-1111,0.9174236168,732,0.1201923077,0,1,1.037615925,0.15625,0.375
1,LVA,CHI,-588,0.8546511628,436,0.1865671642,1,0,1.041218327,0.15625,0.375
1,LVA,CON,-213,0.6805111821,177,0.3610108303,1,0,1.041522012,0.15625,0.6875
1,LVA,DAL,-417,0.8065764023,328,0.2336448598,1,0,1.040221262,0.15625,0.6875
1,LVA,DAL,-1429,0.9345977763,885,0.1015228426,1,0,1.036120619,0.15625,0.6875
1,LVA,IND,-1111,0.9174236168,723,0.1215066829,1,0,1.0389303,0.15625,0
1,LVA,IND,-1429,0.9345977763,881,0.1019367992,1,0,1.036534576,0.15625,0
1,LVA,LAS,-588,0.8546511628,429,0.1890359168,0,1,1.04368708,0.15625,0.625
1,LVA,LAS,-1000,0.9090909091,690,0.1265822785,0,1,1.035673188,0.15625,0.625
1,LVA,LAS,-2000,0.9523809524,1103,0.08312551953,1,0,1.035506472,0.15625,0.625
1,LVA,MIN,-303,0.7518610422,237,0.296735905,0,1,1.048596947,0.15625,0.53125
1,LVA,NYL,-139,0.5815899582,118,0.4587155963,0,1,1.040305554,0.15625,0.1875
1,LVA,PHX,-1250,0.9259259259,730,0.1204819277,0,1,1.046407854,0.15625,0.46875
1,LVA,PHX,-238,0.7041420118,198,0.3355704698,1,0,1.039712482,0.15625,0.46875
1,LVA,PHX,-1667,0.9434069044,950,0.09523809524,1,0,1.038645,0.15625,0.46875
1,LVA,SEA,-345,0.7752808989,275,0.2666666667,0,1,1.041947566,0.15625,0.53125
1,LVA,SEA,-185,0.649122807,156,0.390625,1,0,1.039747807,0.15625,0.53125
1,LVA,SEA,-286,0.7409326425,225,0.3076923077,1,0,1.04862495,0.15625,0.53125
1,LVA,WAS,-909,0.9008919722,632,0.1366120219,1,0,1.037503994,0.15625,0.78125
1,LVA,WAS,-1000,0.9090909091,662,0.1312335958,1,0,1.040324505,0.15625,0.78125
1,LVA,WAS,-2000,0.9523809524,1048,0.08710801394,1,0,1.039488966,0.15625,0.78125
1,LVA ,MIN,-189,0.6539792388,156,0.390625,1,0,1.044604239,0.15625,0.53125
1,MIN,ATL,-345,0.7752808989,269,0.27100271,1,0,1.046283609,0.53125,1
1,MIN,ATL,-455,0.8198198198,348,0.2232142857,1,0,1.043034106,0.53125,1
1,MIN,CHI,-303,0.7518610422,236,0.2976190476,1,0,1.04948009,0.53125,0.375
1,MIN,CON,-159,0.6138996139,134,0.4273504274,0,1,1.041250041,0.53125,0.6875
1,MIN,DAL,-500,0.8333333333,379,0.2087682672,0,1,1.042101601,0.53125,0.6875
1,MIN,DAL,-278,0.7354497354,220,0.3125,1,0,1.047949735,0.53125,0.6875
1,MIN,DAL,-1429,0.9345977763,806,0.1103752759,1,0,1.044973052,0.53125,0.6875
1,MIN,IND,-204,0.6710526316,170,0.3703703704,0,1,1.041423002,0.53125,0
1,MIN,LAS,-217,0.6845425868,181,0.3558718861,1,0,1.040414473,0.53125,0.625
1,MIN,LAS,-323,0.7635933806,259,0.278551532,1,0,1.042144913,0.53125,0.625
1,MIN,LAS,-909,0.9008919722,633,0.136425648,1,0,1.03731762,0.53125,0.625
1,MIN,PHX,-222,0.6894409938,179,0.3584229391,0,1,1.047863933,0.53125,0.46875
1,MIN,PHX,-227,0.6941896024,183,0.3533568905,1,0,1.047546493,0.53125,0.46875
1,MIN,PHX,-312,0.7572815534,250,0.2857142857,1,0,1.042995839,0.53125,0.46875
1,MIN,SEA,-112,0.5283018868,-108,0.5192307692,1,0,1.047532656,0.53125,0.53125
1,MIN,WAS,-455,0.8198198198,350,0.2222222222,1,0,1.042042042,0.53125,0.78125
1,NYL,ATL,-270,0.7297297297,219,0.3134796238,1,0,1.043209354,0.1875,1
1,NYL,ATL,-455,0.8198198198,348,0.2232142857,1,0,1.043034106,0.1875,1
1,NYL,ATL,-1429,0.9345977763,918,0.09823182711,1,0,1.032829603,0.1875,1
1,NYL,CHI,-1667,0.9434069044,935,0.09661835749,0,1,1.040025262,0.1875,0.375
1,NYL,CHI,-185,0.649122807,158,0.3875968992,1,0,1.036719706,0.1875,0.375
1,NYL,CHI,-370,0.7872340426,294,0.2538071066,1,0,1.041041149,0.1875,0.375
1,NYL,CHI,-526,0.8402555911,395,0.202020202,1,0,1.042275793,0.1875,0.375
1,NYL,CON,-133,0.5708154506,112,0.4716981132,1,0,1.042513564,0.1875,0.6875
1,NYL,CON,-133,0.5708154506,112,0.4716981132,1,0,1.042513564,0.1875,0.6875
1,NYL,IND,-588,0.8546511628,426,0.1901140684,0,1,1.044765231,0.1875,0
1,NYL,IND,-345,0.7752808989,277,0.2652519894,1,0,1.040532888,0.1875,0
1,NYL,IND,-1000,0.9090909091,667,0.1303780965,1,0,1.039469006,0.1875,0
1,NYL,IND,-1250,0.9259259259,773,0.1145475372,1,0,1.040473463,0.1875,0
1,NYL,LAS,-1429,0.9345977763,833,0.1071811361,1,0,1.041778912,0.1875,0.625
1,NYL,LAS,-1667,0.9434069044,975,0.09302325581,1,0,1.03643016,0.1875,0.625
1,NYL,MIN,-294,0.7461928934,237,0.296735905,0,1,1.042928798,0.1875,0.53125
1,NYL,MIN,-238,0.7041420118,193,0.3412969283,1,0,1.04543894,0.1875,0.53125
1,NYL,PHX,-227,0.6941896024,183,0.3533568905,0,1,1.047546493,0.1875,0.46875
1,NYL,PHX,-1111,0.9174236168,711,0.1233045623,1,0,1.040728179,0.1875,0.46875
1,NYL,SEA,-1000,0.9090909091,645,0.1342281879,1,0,1.043319097,0.1875,0.53125
1,NYL,WAS,-769,0.8849252014,529,0.1589825119,1,0,1.043907713,0.1875,0.78125
1,NYL,WAS,-1000,0.9090909091,656,0.1322751323,1,0,1.041366041,0.1875,0.78125
1,NYL,WAS,-1429,0.9345977763,882,0.1018329939,1,0,1.03643077,0.1875,0.78125
1,PHX,DAL,-204,0.6710526316,169,0.3717472119,0,1,1.042799843,0.46875,0.6875
1,PHX,DAL,-116,0.537037037,-102,0.504950495,1,0,1.041987532,0.46875,0.6875
1,PHX,DAL,-222,0.6894409938,179,0.3584229391,1,0,1.047863933,0.46875,0.6875
1,PHX,DAL,-333,0.7690531178,265,0.2739726027,1,0,1.043025721,0.46875,0.6875
1,PHX,IND,-357,0.7811816193,283,0.2610966057,0,1,1.042278225,0.46875,0
1,PHX,LAS,-182,0.6453900709,149,0.4016064257,1,0,1.046996497,0.46875,0.625
1,PHX,LAS,-200,0.6666666667,165,0.3773584906,1,0,1.044025157,0.46875,0.625
1,PHX,LAS,-625,0.8620689655,451,0.1814882033,1,0,1.043557169,0.46875,0.625
1,PHX,WAS,-204,0.6710526316,171,0.36900369,1,0,1.040056322,0.46875,0.78125
1,PHX,WAS,-286,0.7409326425,229,0.3039513678,1,0,1.04488401,0.46875,0.78125
1,SEA,ATL,-1429,0.9345977763,911,0.09891196835,1,0,1.033509745,0.53125,1
1,SEA,CHI,-556,0.8475609756,409,0.1964636542,0,1,1.04402463,0.53125,0.375
1,SEA,CHI,-133,0.5708154506,112,0.4716981132,1,0,1.042513564,0.53125,0.375
1,SEA,CHI,-500,0.8333333333,371,0.2123142251,1,0,1.045647558,0.53125,0.375
1,SEA,CON,-122,0.5495495495,102,0.495049505,1,0,1.044599055,0.53125,0.6875
1,SEA,DAL,-303,0.7518610422,239,0.2949852507,1,0,1.046846293,0.53125,0.6875
1,SEA,DAL,-556,0.8475609756,421,0.1919385797,1,0,1.039499555,0.53125,0.6875
1,SEA,DAL,-769,0.8849252014,539,0.1564945227,1,0,1.041419724,0.53125,0.6875
1,SEA,IND,-233,0.6996996997,188,0.3472222222,1,0,1.046921922,0.53125,0
1,SEA,IND,-244,0.7093023256,199,0.3344481605,1,0,1.043750486,0.53125,0
1,SEA,IND,-435,0.8130841121,334,0.2304147465,1,0,1.043498859,0.53125,0
1,SEA,LAS,-526,0.8402555911,392,0.2032520325,1,0,1.043507624,0.53125,0.625
1,SEA,LAS,-667,0.8696219035,480,0.1724137931,1,0,1.042035697,0.53125,0.625
1,SEA,MIN,-119,0.5433789954,100,0.5,0,1,1.043378995,0.53125,0.53125
1,SEA,MIN,-357,0.7811816193,284,0.2604166667,0,1,1.041598286,0.53125,0.53125
1,SEA,MIN,-278,0.7354497354,221,0.3115264798,1,0,1.046976215,0.53125,0.53125
1,SEA,PHX,-156,0.609375,131,0.4329004329,0,1,1.042275433,0.53125,0.46875
1,SEA,PHX,-233,0.6996996997,187,0.3484320557,1,0,1.048131755,0.53125,0.46875
1,SEA,WAS,-222,0.6894409938,183,0.3533568905,1,0,1.042797884,0.53125,0.78125
1,SEA,WAS,-417,0.8065764023,319,0.2386634845,1,0,1.045239887,0.53125,0.78125
1,WAS,DAL,-114,0.5327102804,-104,0.5098039216,1,0,1.042514202,0.78125,0.6875
1,WAS,LAS,-128,0.5614035088,106,0.4854368932,0,1,1.046840402,0.78125,0.625
2,ATL,CHI,-500,0.8333333333,391,0.2036659878,1,0,1.036999321,1,0.375
2,ATL,DAL,-143,0.5884773663,120,0.4545454545,1,0,1.043022821,1,0.6875
2,ATL,LAS,-192,0.6575342466,161,0.3831417625,1,0,1.040676009,1,0.625
2,ATL,WAS,-175,0.6363636364,145,0.4081632653,0,1,1.044526902,1,0.78125
2,ATL,WAS,-118,0.5412844037,-101,0.5024875622,1,0,1.043771966,1,0.78125
2,CHI,LAS,-145,0.5918367347,123,0.4484304933,1,0,1.040267228,0.375,0.625
2,CHI,LAS,-200,0.6666666667,164,0.3787878788,1,0,1.045454545,0.375,0.625
2,CON,ATL,-400,0.8,313,0.2421307506,0,1,1.042130751,0.6875,1
2,CON,CHI,-667,0.8696219035,488,0.1700680272,1,0,1.039689931,0.6875,0.375
2,CON,CHI,-1429,0.9345977763,831,0.1074113856,1,0,1.042009162,0.6875,0.375
2,CON,DAL,-250,0.7142857143,200,0.3333333333,1,0,1.047619048,0.6875,0.6875
2,CON,IND,-179,0.6415770609,148,0.4032258065,0,1,1.044802867,0.6875,0
2,CON,LAS,-556,0.8475609756,409,0.1964636542,1,0,1.04402463,0.6875,0.625
2,CON,LAS,-667,0.8696219035,470,0.1754385965,1,0,1.0450605,0.6875,0.625
2,CON,LAS,-1250,0.9259259259,791,0.1122334456,1,0,1.038159371,0.6875,0.625
2,CON,MIN,-123,0.5515695067,102,0.495049505,0,1,1.046619012,0.6875,0.53125
2,CON,NYL,-370,0.7872340426,289,0.2570694087,0,1,1.044303451,0.6875,0.1875
2,CON,PHX,-417,0.8065764023,319,0.2386634845,1,0,1.045239887,0.6875,0.46875
2,CON,SEA,-169,0.6282527881,140,0.4166666667,0,1,1.044919455,0.6875,0.53125
2,CON,SEA,-110,0.5238095238,-110,0.5238095238,1,0,1.047619048,0.6875,0.53125
2,CON,WAS,-385,0.793814433,296,0.2525252525,1,0,1.046339686,0.6875,0.78125
2,DAL,CHI,-182,0.6453900709,154,0.3937007874,0,1,1.039090858,0.6875,0.375
2,DAL,LAS,-303,0.7518610422,241,0.293255132,1,0,1.045116174,0.6875,0.625
2,DAL,LVA,-179,0.6415770609,148,0.4032258065,0,1,1.044802867,0.6875,0.15625
2,DAL,WAS,-250,0.7142857143,206,0.3267973856,0,1,1.0410831,0.6875,0.78125
2,IND,ATL,-125,0.5555555556,106,0.4854368932,1,0,1.040992449,0,1
2,IND,ATL,-233,0.6996996997,187,0.3484320557,1,0,1.048131755,0,1
2,IND,CHI,-312,0.7572815534,246,0.289017341,1,0,1.046298894,0,0.375
2,IND,DAL,-152,0.6031746032,125,0.4444444444,1,0,1.047619048,0,0.6875
2,IND,DAL,-435,0.8130841121,330,0.2325581395,1,0,1.045642252,0,0.6875
2,IND,LAS,-769,0.8849252014,530,0.1587301587,1,0,1.04365536,0,0.625
2,IND,PHX,-156,0.609375,133,0.4291845494,1,0,1.038559549,0,0.46875
2,LVA,ATL,-625,0.8620689655,451,0.1814882033,1,0,1.043557169,0.15625,1
2,LVA,CHI,-476,0.8263888889,359,0.2178649237,1,0,1.044253813,0.15625,0.375
2,LVA,CHI,-1000,0.9090909091,644,0.1344086022,1,0,1.043499511,0.15625,0.375
2,LVA,CON,-127,0.5594713656,106,0.4854368932,1,0,1.044908259,0.15625,0.6875
2,LVA,CON,-200,0.6666666667,168,0.3731343284,1,0,1.039800995,0.15625,0.6875
2,LVA,DAL,-526,0.8402555911,398,0.2008032129,0,1,1.041058804,0.15625,0.6875
2,LVA,IND,-189,0.6539792388,156,0.390625,1,0,1.044604239,0.15625,0
2,LVA,IND,-196,0.6621621622,160,0.3846153846,1,0,1.046777547,0.15625,0
2,LVA,LAS,-2000,0.9523809524,1025,0.08888888889,1,0,1.041269841,0.15625,0.625
2,LVA,MIN,-152,0.6031746032,129,0.4366812227,0,1,1.039855826,0.15625,0.53125
2,LVA,MIN,-303,0.7518610422,244,0.2906976744,0,1,1.042558717,0.15625,0.53125
2,LVA,NYL,-161,0.6168582375,136,0.4237288136,0,1,1.040587051,0.15625,0.1875
2,LVA,PHX,-238,0.7041420118,189,0.3460207612,1,0,1.050162773,0.15625,0.46875
2,LVA,SEA,-385,0.793814433,307,0.2457002457,1,0,1.039514679,0.15625,0.53125
2,MIN,ATL,-238,0.7041420118,193,0.3412969283,1,0,1.04543894,0.53125,1
2,MIN,CHI,-909,0.9008919722,596,0.1436781609,1,0,1.044570133,0.53125,0.375
2,MIN,CHI,-909,0.9008919722,614,0.1400560224,1,0,1.040947995,0.53125,0.375
2,MIN,DAL,-345,0.7752808989,277,0.2652519894,0,1,1.040532888,0.53125,0.6875
2,MIN,IND,-149,0.5983935743,125,0.4444444444,1,0,1.042838019,0.53125,0
2,MIN,IND,-213,0.6805111821,177,0.3610108303,1,0,1.041522012,0.53125,0
2,MIN,LAS,-208,0.6753246753,171,0.36900369,0,1,1.044328365,0.53125,0.625
2,MIN,PHX,-192,0.6575342466,160,0.3846153846,1,0,1.042149631,0.53125,0.46875
2,MIN,WAS,-192,0.6575342466,158,0.3875968992,1,0,1.045131146,0.53125,0.78125
2,MIN,WAS,-333,0.7690531178,270,0.2702702703,1,0,1.039323388,0.53125,0.78125
2,MIN,WAS,-400,0.8,311,0.2433090024,1,0,1.043309002,0.53125,0.78125
2,NYL,ATL,-213,0.6805111821,175,0.3636363636,0,1,1.044147546,0.1875,1
2,NYL,DAL,-526,0.8402555911,401,0.1996007984,1,0,1.039856389,0.1875,0.6875
2,NYL,DAL,-667,0.8696219035,463,0.1776198934,1,0,1.047241797,0.1875,0.6875
2,NYL,DAL,-667,0.8696219035,487,0.1703577513,1,0,1.039979655,0.1875,0.6875
2,NYL,DAL,-833,0.8928188639,587,0.1455604076,1,0,1.038379271,0.1875,0.6875
2,NYL,LAS,-1000,0.9090909091,654,0.1326259947,0,1,1.041716904,0.1875,0.625
2,NYL,LAS,-714,0.8771498771,529,0.1589825119,1,0,1.036132389,0.1875,0.625
2,NYL,LVA,-455,0.8198198198,346,0.2242152466,1,0,1.044035066,0.1875,0.15625
2,NYL,MIN,-222,0.6894409938,181,0.3558718861,0,1,1.04531288,0.1875,0.53125
2,NYL,PHX,-286,0.7409326425,227,0.3058103976,1,0,1.04674304,0.1875,0.46875
2,NYL,SEA,-179,0.6415770609,148,0.4032258065,1,0,1.044802867,0.1875,0.53125
2,NYL,SEA,-357,0.7811816193,286,0.2590673575,1,0,1.040248977,0.1875,0.53125
2,NYL,WAS,-526,0.8402555911,388,0.2049180328,1,0,1.045173624,0.1875,0.78125
2,PHX,ATL,-152,0.6031746032,127,0.4405286344,0,1,1.043703238,0.46875,1
2,PHX,ATL,-130,0.5652173913,108,0.4807692308,1,0,1.045986622,0.46875,1
2,PHX,ATL,-130,0.5652173913,110,0.4761904762,1,0,1.041407867,0.46875,1
2,PHX,CHI,-133,0.5708154506,112,0.4716981132,1,0,1.042513564,0.46875,0.375
2,PHX,CHI,-222,0.6894409938,179,0.3584229391,1,0,1.047863933,0.46875,0.375
2,PHX,CHI,-400,0.8,311,0.2433090024,1,0,1.043309002,0.46875,0.375
2,PHX,LAS,-145,0.5918367347,124,0.4464285714,1,0,1.038265306,0.46875,0.625
2,PHX,SEA,-130,0.5652173913,108,0.4807692308,0,1,1.045986622,0.46875,0.53125
2,PHX,WAS,-222,0.6894409938,185,0.350877193,0,1,1.040318187,0.46875,0.78125
2,SEA,ATL,-333,0.7690531178,268,0.2717391304,0,1,1.040792248,0.53125,1
2,SEA,ATL,-417,0.8065764023,328,0.2336448598,1,0,1.040221262,0.53125,1
2,SEA,DAL,-526,0.8402555911,395,0.202020202,1,0,1.042275793,0.53125,0.6875
2,SEA,IND,-172,0.6323529412,144,0.4098360656,0,1,1.042189007,0.53125,0
2,SEA,LAS,-435,0.8130841121,329,0.2331002331,1,0,1.046184345,0.53125,0.625
2,SEA,LAS,-833,0.8928188639,588,0.1453488372,1,0,1.038167701,0.53125,0.625
2,SEA,PHX,-286,0.7409326425,227,0.3058103976,1,0,1.04674304,0.53125,0.46875
2,SEA,WAS,-625,0.8620689655,446,0.1831501832,0,1,1.045219149,0.53125,0.78125
2,SEA,WAS,-333,0.7690531178,262,0.2762430939,1,0,1.045296212,0.53125,0.78125
2,WAS,CHI,-115,0.5348837209,-103,0.5073891626,1,0,1.042272883,0.78125,0.375
2,WAS,CHI,-143,0.5884773663,121,0.4524886878,1,0,1.040966054,0.78125,0.375
2,WAS,IND,-147,0.5951417004,122,0.4504504505,1,0,1.045592151,0.78125,0
2,WAS,LAS,-244,0.7093023256,198,0.3355704698,1,0,1.044872795,0.78125,0.625
3,ATL,CHi,-455,0.8198198198,341,0.2267573696,1,0,1.046577189,0.8333333333,0.5666666667
3,ATL,CHI,-909,0.9008919722,576,0.1479289941,1,0,1.048820966,0.8333333333,0.5666666667
3,ATL,CHI,-1667,0.9434069044,849,0.105374078,1,0,1.048780982,0.8333333333,0.5666666667
3,ATL,CON,-526,0.8402555911,369,0.2132196162,0,1,1.053475207,0.8333333333,1
3,ATL,CON,-357,0.7811816193,280,0.2631578947,1,0,1.044339514,0.8333333333,1
3,ATL,DAL,-400,0.8,309,0.2444987775,0,1,1.044498778,0.8333333333,0.5333333333
3,ATL,DAL,-323,0.7635933806,246,0.289017341,1,0,1.052610722,0.8333333333,0.5333333333
3,ATL,GSV,-312,0.7572815534,244,0.2906976744,1,0,1.047979228,0.8333333333,0.5333333333
3,ATL,IND,-233,0.6996996997,179,0.3584229391,1,0,1.058122639,0.8333333333,0
3,ATL,NYL,-122,0.5495495495,100,0.5,1,0,1.04954955,0.8333333333,0.3333333333
3,ATL,SEA,-120,0.5454545455,-101,0.5024875622,0,1,1.047942108,0.8333333333,0.7666666667
3,ATL,WAS,-333,0.7690531178,256,0.2808988764,0,1,1.049951994,0.8333333333,0.9333333333
3,ATL,WAS,-189,0.6539792388,152,0.3968253968,1,0,1.050804636,0.8333333333,0.9333333333
3,ATL,WAS,-455,0.8198198198,326,0.234741784,1,0,1.054561604,0.8333333333,0.9333333333
3,CHI,DAL,-127,0.5594713656,104,0.4901960784,1,0,1.049667444,0.5666666667,0.5333333333
3,CON,CHI,-130,0.5652173913,106,0.4854368932,0,1,1.050654285,1,0.5666666667
3,DAL,CHI,-147,0.5951417004,120,0.4545454545,0,1,1.049687155,0.5333333333,0.5666666667
3,DAL,CHI,-112,0.5283018868,-109,0.5215311005,1,0,1.049832987,0.5333333333,0.5666666667
3,DAL,CON,-200,0.6666666667,158,0.3875968992,1,0,1.054263566,0.5333333333,1
3,DAL,CON,-200,0.6666666667,161,0.3831417625,1,0,1.049808429,0.5333333333,1
3,DAL,GSV,-164,0.6212121212,133,0.4291845494,1,0,1.050396671,0.5333333333,0.5333333333
3,DAL,PHX,-625,0.8620689655,433,0.1876172608,0,1,1.049686226,0.5333333333,0.6666666667
3,GSV,CHI,-417,0.8065764023,309,0.2444987775,1,0,1.05107518,0.5,0.5666666667
3,GSV,CON,-476,0.8263888889,359,0.2178649237,1,0,1.044253813,0.5,1
3,GSV,PHX,-135,0.5744680851,112,0.4716981132,0,1,1.046166198,0.5,0.6666666667
3,IND,ATL,-323,0.7635933806,252,0.2840909091,0,1,1.04768429,0,0.8333333333
3,IND,ATL,-122,0.5495495495,100,0.5,1,0,1.04954955,0,0.8333333333
3,IND,ATL,-196,0.6621621622,158,0.3875968992,1,0,1.049759061,0,0.8333333333
3,IND,CHI,-154,0.6062992126,124,0.4464285714,1,0,1.052727784,0,0.5666666667
3,IND,CHI,-385,0.793814433,292,0.2551020408,1,0,1.048916474,0,0.5666666667
3,IND,CON,-769,0.8849252014,488,0.1700680272,0,1,1.054993229,0,1
3,IND,CON,-1250,0.9259259259,683,0.1277139208,1,0,1.053639847,0,1
3,IND,CON,-2000,0.9523809524,1019,0.08936550492,1,0,1.041746457,0,1
3,IND,DAL,-130,0.5652173913,106,0.4854368932,1,0,1.050654285,0,0.5333333333
3,IND,DAL,-526,0.8402555911,374,0.2109704641,1,0,1.051226055,0,0.5333333333
3,IND,GSV,-312,0.7572815534,247,0.288184438,0,1,1.045465991,0,0.5333333333
3,IND,GSV,-625,0.8620689655,445,0.1834862385,0,1,1.045555204,0,0.5333333333
3,IND,LAS,-233,0.6996996997,185,0.350877193,0,1,1.050576893,0,0.5666666667
3,IND,LAS,-250,0.7142857143,199,0.3344481605,0,1,1.048733875,0,0.5666666667
3,IND,WAS,-182,0.6453900709,147,0.4048582996,0,1,1.050248371,0,0.9333333333
3,IND,WAS,-222,0.6894409938,174,0.3649635036,1,0,1.054404497,0,0.9333333333
3,LAS,ATL,-135,0.5744680851,110,0.4761904762,0,1,1.050658561,0.5666666667,0.8333333333
3,LAS,CHI,-222,0.6894409938,175,0.3636363636,0,1,1.053077357,0.5666666667,0.5666666667
3,LAS,CHI,-357,0.7811816193,273,0.2680965147,0,1,1.049278134,0.5666666667,0.5666666667
3,LAS,CHI,-189,0.6539792388,152,0.3968253968,1,0,1.050804636,0.5666666667,0.5666666667
3,LAS,CON,-588,0.8546511628,420,0.1923076923,1,0,1.046958855,0.5666666667,1
3,LAS,DAL,-154,0.6062992126,125,0.4444444444,1,0,1.050743657,0.5666666667,0.5333333333
3,LAS,GSV,-312,0.7572815534,241,0.293255132,0,1,1.050536685,0.5666666667,0.5333333333
3,LAS,GSV,-556,0.8475609756,404,0.1984126984,0,1,1.045973674,0.5666666667,0.5333333333
3,LAS,GSV,-256,0.7191011236,200,0.3333333333,1,0,1.052434457,0.5666666667,0.5333333333
3,LAS,PHX,-192,0.6575342466,152,0.3968253968,0,1,1.054359643,0.5666666667,0.6666666667
3,LAS,WAS,-123,0.5515695067,102,0.495049505,1,0,1.046619012,0.5666666667,0.9333333333
3,LVA,CON,-1111,0.9174236168,662,0.1312335958,1,0,1.048657213,0.3333333333,1
3,LVA,CON,-2000,0.9523809524,885,0.1015228426,1,0,1.053903795,0.3333333333,1
3,LVA,CON,-3333,0.9708709583,1235,0.07490636704,1,0,1.045777325,0.3333333333,1
3,LVA,DAL,-244,0.7093023256,197,0.3367003367,1,0,1.046002662,0.3333333333,0.5333333333
3,LVA,DAL,-256,0.7191011236,204,0.3289473684,1,0,1.048048492,0.3333333333,0.5333333333
3,LVA,GSV,-833,0.8928188639,536,0.1572327044,0,1,1.050051568,0.3333333333,0.5333333333
3,LVA,GSV,-189,0.6539792388,154,0.3937007874,1,0,1.047680026,0.3333333333,0.5333333333
3,LVA,IND,-200,0.6666666667,162,0.3816793893,0,1,1.048346056,0.3333333333,0
3,LVA,IND,-112,0.5283018868,-108,0.5192307692,1,0,1.047532656,0.3333333333,0
3,LVA,LAS,-476,0.8263888889,338,0.2283105023,0,1,1.054699391,0.3333333333,0.5666666667
3,LVA,LAS,-556,0.8475609756,391,0.2036659878,1,0,1.051226963,0.3333333333,0.5666666667
3,LVA,SEA,-145,0.5918367347,118,0.4587155963,0,1,1.050552331,0.3333333333,0.7666666667
3,LVA,SEA,-222,0.6894409938,179,0.3584229391,0,1,1.047863933,0.3333333333,0.7666666667
3,LVA,SEA,-164,0.6212121212,133,0.4291845494,1,0,1.050396671,0.3333333333,0.7666666667
3,LVA,WAS,-455,0.8198198198,334,0.2304147465,0,1,1.050234566,0.3333333333,0.9333333333
3,LVA,WAS,-1429,0.9345977763,802,0.110864745,1,0,1.045462521,0.3333333333,0.9333333333
3,MIN,ATL,-172,0.6323529412,142,0.4132231405,1,0,1.045576082,0.5666666667,0.8333333333
3,MIN,CHI,-667,0.8696219035,454,0.1805054152,0,1,1.050127319,0.5666666667,0.5666666667
3,MIN,CHI,-625,0.8620689655,446,0.1831501832,1,0,1.045219149,0.5666666667,0.5666666667
3,MIN,CHI,-1111,0.9174236168,644,0.1344086022,1,0,1.051832219,0.5666666667,0.5666666667
3,MIN,CON,-1667,0.9434069044,867,0.1034126163,1,0,1.046819521,0.5666666667,1
3,MIN,CON,-2500,0.9615384615,1174,0.07849293564,1,0,1.040031397,0.5666666667,1
3,MIN,DAL,-217,0.6845425868,173,0.3663003663,1,0,1.050842953,0.5666666667,0.5333333333
3,MIN,DAL,-667,0.8696219035,467,0.176366843,1,0,1.045988747,0.5666666667,0.5333333333
3,MIN,DAL,-833,0.8928188639,509,0.1642036125,1,0,1.057022476,0.5666666667,0.5333333333
3,MIN,GSV,-526,0.8402555911,376,0.2100840336,1,0,1.050339625,0.5666666667,0.5333333333
3,MIN,GSV,-909,0.9008919722,587,0.1455604076,1,0,1.04645238,0.5666666667,0.5333333333
3,MIN,LAS,-278,0.7354497354,221,0.3115264798,1,0,1.046976215,0.5666666667,0.5666666667
3,MIN,LAS,-345,0.7752808989,261,0.2770083102,1,0,1.052289209,0.5666666667,0.5666666667
3,MIN,LAS,-385,0.793814433,295,0.253164557,1,0,1.04697899,0.5666666667,0.5666666667
3,MIN,LAS,-667,0.8696219035,461,0.1782531194,1,0,1.047875023,0.5666666667,0.5666666667
3,MIN,LVA,-909,0.9008919722,581,0.1468428781,1,0,1.04773485,0.5666666667,0.3333333333
3,MIN,PHX,-294,0.7461928934,233,0.3003003003,0,1,1.046493194,0.5666666667,0.6666666667
3,MIN,PHX,-217,0.6845425868,175,0.3636363636,1,0,1.04817895,0.5666666667,0.6666666667
3,MIN,PHX,-526,0.8402555911,380,0.2083333333,1,0,1.048588924,0.5666666667,0.6666666667
3,MIN,PHX,-909,0.9008919722,576,0.1479289941,1,0,1.048820966,0.5666666667,0.6666666667
3,MIN,SEA,-175,0.6363636364,140,0.4166666667,0,1,1.053030303,0.5666666667,0.7666666667
3,MIN,SEA,-323,0.7635933806,252,0.2840909091,1,0,1.04768429,0.5666666667,0.7666666667
3,MIN,WAS,-370,0.7872340426,293,0.2544529262,0,1,1.041686969,0.5666666667,0.9333333333
3,MIN,WAS,-769,0.8849252014,508,0.1644736842,1,0,1.049398886,0.5666666667,0.9333333333
3,NYL,ATL,-244,0.7093023256,195,0.3389830508,1,0,1.048285376,0.3333333333,0.8333333333
3,NYL,ATL,-385,0.793814433,288,0.2577319588,1,0,1.051546392,0.3333333333,0.8333333333
3,NYL,CHI,-714,0.8771498771,486,0.1706484642,1,0,1.047798341,0.3333333333,0.5666666667
3,NYL,CHI,-2000,0.9523809524,926,0.09746588694,1,0,1.049846839,0.3333333333,0.5666666667
3,NYL,CON,-2500,0.9615384615,1057,0.08643042351,1,0,1.047968885,0.3333333333,1
3,NYL,GSV,-476,0.8263888889,351,0.22172949,1,0,1.048118379,0.3333333333,0.5333333333
3,NYL,GSV,-1429,0.9345977763,764,0.1157407407,1,0,1.050338517,0.3333333333,0.5333333333
3,NYL,GSV,-2000,0.9523809524,966,0.09380863039,1,0,1.046189583,0.3333333333,0.5333333333
3,NYL,IND,-175,0.6363636364,145,0.4081632653,0,1,1.044526902,0.3333333333,0
3,NYL,IND,-185,0.649122807,149,0.4016064257,1,0,1.050729233,0.3333333333,0
3,NYL,IND,-435,0.8130841121,325,0.2352941176,1,0,1.04837823,0.3333333333,0
3,NYL,LAS,-556,0.8475609756,398,0.2008032129,1,0,1.048364188,0.3333333333,0.5666666667
3,NYL,LVA,-167,0.6254681648,137,0.4219409283,1,0,1.047409093,0.3333333333,0.3333333333
3,NYL,LVA,-182,0.6453900709,149,0.4016064257,1,0,1.046996497,0.3333333333,0.3333333333
3,NYL,PHX,-714,0.8771498771,462,0.1779359431,0,1,1.05508582,0.3333333333,0.6666666667
3,NYL,SEA,-222,0.6894409938,179,0.3584229391,0,1,1.047863933,0.3333333333,0.7666666667
3,NYL,WAS,-417,0.8065764023,305,0.2469135802,1,0,1.053489983,0.3333333333,0.9333333333
3,NYL,WAS,-909,0.9008919722,589,0.145137881,1,0,1.046029853,0.3333333333,0.9333333333
3,PHX,CHI,-323,0.7635933806,250,0.2857142857,1,0,1.049307666,0.6666666667,0.5666666667
3,PHX,CHI,-556,0.8475609756,395,0.202020202,1,0,1.049581178,0.6666666667,0.5666666667
3,PHX,CON,-1111,0.9174236168,693,0.1261034048,1,0,1.043527022,0.6666666667,1
3,PHX,DAL,-250,0.7142857143,196,0.3378378378,1,0,1.052123552,0.6666666667,0.5333333333
3,PHX,DAL,-278,0.7354497354,218,0.3144654088,1,0,1.049915144,0.6666666667,0.5333333333
3,PHX,GSV,-256,0.7191011236,199,0.3344481605,1,0,1.053549284,0.6666666667,0.5333333333
3,PHX,LAS,-213,0.6805111821,174,0.3649635036,1,0,1.045474686,0.6666666667,0.5666666667
3,PHX,LVA,-233,0.6996996997,188,0.3472222222,0,1,1.046921922,0.6666666667,0.3333333333
3,PHX,LVA,-200,0.6666666667,163,0.3802281369,1,0,1.046894804,0.6666666667,0.3333333333
3,PHX,NYL,-123,0.5515695067,102,0.495049505,1,0,1.046619012,0.6666666667,0.3333333333
3,PHX,WAS,-238,0.7041420118,190,0.3448275862,1,0,1.048969598,0.6666666667,0.9333333333
3,SEA,ATL,-208,0.6753246753,167,0.3745318352,0,1,1.049856511,0.7666666667,0.8333333333
3,SEA,CON,-1667,0.9434069044,869,0.1031991744,0,1,1.046606079,0.7666666667,1
3,SEA,CON,-2000,0.9523809524,980,0.09259259259,1,0,1.044973545,0.7666666667,1
3,SEA,CON,-2500,0.9615384615,1145,0.08032128514,1,0,1.041859747,0.7666666667,1
3,SEA,DAL,-164,0.6212121212,133,0.4291845494,1,0,1.050396671,0.7666666667,0.5333333333
3,SEA,DAL,-526,0.8402555911,376,0.2100840336,1,0,1.050339625,0.7666666667,0.5333333333
3,SEA,GSV,-213,0.6805111821,170,0.3703703704,0,1,1.050881552,0.7666666667,0.5333333333
3,SEA,GSV,-213,0.6805111821,170,0.3703703704,0,1,1.050881552,0.7666666667,0.5333333333
3,SEA,GSV,-500,0.8333333333,372,0.2118644068,0,1,1.04519774,0.7666666667,0.5333333333
3,SEA,GSV,-244,0.7093023256,197,0.3367003367,1,0,1.046002662,0.7666666667,0.5333333333
3,SEA,IND,-167,0.6254681648,137,0.4219409283,0,1,1.047409093,0.7666666667,0
3,SEA,LAS,-417,0.8065764023,309,0.2444987775,1,0,1.05107518,0.7666666667,0.5666666667
3,SEA,NYL,-179,0.6415770609,145,0.4081632653,1,0,1.049740326,0.7666666667,0.3333333333
3,SEA,PHX,-270,0.7297297297,211,0.3215434084,0,1,1.051273138,0.7666666667,0.6666666667
3,SEA,PHX,-244,0.7093023256,188,0.3472222222,1,0,1.056524548,0.7666666667,0.6666666667
3,SEA,PHX,-250,0.7142857143,199,0.3344481605,1,0,1.048733875,0.7666666667,0.6666666667
3,SEA,WAS,-303,0.7518610422,233,0.3003003003,0,1,1.052161342,0.7666666667,0.9333333333
3,WAS,CHI,-200,0.6666666667,160,0.3846153846,1,0,1.051282051,0.9333333333,0.5666666667
3,WAS,CHI,-286,0.7409326425,225,0.3076923077,1,0,1.04862495,0.9333333333,0.5666666667
3,WAS,CON,-159,0.6138996139,129,0.4366812227,1,0,1.050580837,0.9333333333,1
3,WAS,CON,-345,0.7752808989,258,0.2793296089,1,0,1.054610508,0.9333333333,1
3,WAS,DAL,-333,0.7690531178,256,0.2808988764,0,1,1.049951994,0.9333333333,0.5333333333
3,WAS,DAL,-238,0.7041420118,187,0.3484320557,1,0,1.052574068,0.9333333333,0.5333333333
3,WAS,GSV,-222,0.6894409938,179,0.3584229391,0,1,1.047863933,0.9333333333,0.5333333333
3,WAS,LVA,-161,0.6168582375,131,0.4329004329,1,0,1.04975867,0.9333333333,0.3333333333